frequency,callsign,state,city,erp,lat,lon,hagl,class,slogan,owner,country,new_format,mlb,nfl,nba,nhl,market,population
90.5,CKSL-FM,MB,Swan Lake First Nati,0.015,49.38472222222222,-98.8386111111111,76.2,LP,,SWAN LAKE FIRST NATION                  ,CAN,,,,Jazz,,,
92.1,K221GU,MN,CROOKSTON,0.25,47.93136111111111,-97.04313888888888,55.0,D,KROX 105.7 FM & 1260 AM,GOPHER COMMUNICATIONS COMPANY,USA,Adult Contemporary,Twins,Vikings,Timberwolves,Wild,Grand Forks,"78,200"
92.5,K223DJ,OR,PRINEVILLE,0.25,44.07766666666667,-121.33127777777776,12.0,D,92.5 THE TICKET,HORIZON BROADCASTING GROUP LLC,USA,Sports,,,Trail Blazers,,,
93.1,K226CA,MN,DETROIT LAKES,0.25,46.83719444444445,-95.8381111111111,91.0,D,KDLM-AM 1340 AM - 93.1 FM - 96.9 FM,"LEIGHTON ENTERPRISES, INC.",USA,Classic Hits,Twins,Vikings,Timberwolves,Wild,,
93.1,K226CL,ND,FARGO,0.25,46.81747222222223,-96.80230555555556,130.0,D,NEWS TALK 970 WDAY,Bakken Beacon Media LLC,USA,Talk,,,Timberwolves,,Fargo-Moorhead,"216,700"
93.1,K226CV,MN,GRAND RAPIDS,0.25,47.33938888888889,-93.39686111111112,125.0,D,ALL CLASSICS ALL THE TIME AM 1320 - 93.1 FM,Rapids Radio LLC,USA,Oldies,Twins,,Timberwolves,Wild,,
93.1,K226DA,CO,YUMA,0.25,40.02444444444444,-102.66666666666669,84.0,D,FARM RADIO,NORTHEAST COLORADO BROADCASTING LLC,USA,Talk,Rockies,Broncos,Nuggets,Avalanche,,
93.3,K227DF,MN,THIEF RIVER FALLS,0.25,48.129694444444446,-96.18669444444444,52.0,D,THE INFORMATION STATION,"IOWA CITY BROADCASTING COMPANY, INC.",USA,Talk,Twins,,Timberwolves,,,
93.5,K228FU,CA,BARSTOW,0.018,34.91222222222222,-117.02833333333334,59.0,D,1230 AM,Dos Costas Communications Corporation,USA,Talk,,,Lakers,,Victor Valley,"482,000"
93.5,K228FY,MN,ROCHESTER,0.25,44.00333333333333,-92.48527777777778,60.0,D,"93-5 FM AND 1270 AM, THE FAN",iHeartMedia,USA,Sports,,,Timberwolves,,"Rochester, MN","173,400"
93.5,K228FZ,CO,STERLING,0.25,40.5325,-103.12327777777776,52.0,D,FARM RADIO,NORTHEAST COLORADO BROADCASTING LLC,USA,Talk,Rockies,Broncos,Nuggets,Avalanche,,
94.3,K232AD,CO,ROARING FORK,0.034,39.423027777777776,-107.3758611111111,21.0,D,,PITKIN COUNTY TRANSLATOR DEPARTMENT,USA,Talk,Rockies,Broncos,Nuggets,Avalanche,,
94.3,K232EI,AZ,LAKE HAVASU CITY,0.25,34.55,-114.19466666666668,6.0,D,SPORTS 980,,USA,Sports,Diamondbacks,AZCardinals,Suns,,,
94.3,K232FW,OR,TILLAMOOK,0.25,45.45677777777778,-123.87263888888889,43.0,D,THE MOOK 94.3 & 1590,"ALEXANDRA COMMUNICATIONS, INC.",USA,Oldies,,,Trail Blazers,,,
94.3,K232GE,TX,GEORGETOWN,0.057,30.59186111111111,-97.67916666666667,60.0,D,AM 1010,AMERICAN BROADCASTING OF TEXAS,USA,Talk,,,Mavericks,,,
94.5,K233CM,CA,PETALUMA,0.057,38.33602777777778,-122.53538888888887,18.0,D,KSRO NEWSTALK 1350 AM,"AMATURO SONOMA MEDIA GROUP, LLC",USA,News,,,Warriors,,San Francisco,"6,737,900"
94.7,K234CY,LA,ALEXANDRIA,0.25,31.306944444444444,-92.40333333333334,160.0,D,ESPN 1410,"CENLA BROADCASTING LICENSING COMPANY, LLC",USA,Sports,Astros,,Pelicans,,,
95.1,K236CO,MN,NORTHFIELD,0.25,44.48663888888889,-93.1055,87.0,D,THE ONE 95.1 FM - 1080 AM,"R.R. Larson & Associates, LLC",USA,Variety,Twins,,Timberwolves,,Minneapolis-Saint Paul,
95.1,K236CR,HI,HONOLULU,0.25,21.332666666666665,-157.8150277777778,27.0,D,"KGU AM, K236CR HONOLULU IS THE HAWAII SPORTS RADIO NETWORK","SALEM MEDIA OF HAWAII, INC.",USA,Sports,Mariners,,Clippers,,Honolulu,"849,600"
95.3,K237FI,AR,JONESBORO,0.25,35.79897222222222,-90.74205555555557,115.0,D,95.3 THE TICKET,"EAST ARKANSAS BROADCASTERS, INC.",USA,Sports,,,Grizzlies,,,
95.5,K238CJ,CA,EUREKA,0.06,40.726416666666665,-123.97519444444444,25.9,D,DESTINATION RADIO,"EUREKA BROADCASTING CO., INC.",USA,Travel Info,,Raiders,Warriors,,,
95.7,K239BG,ND,GRAND FORKS,0.25,47.93136111111111,-97.04313888888888,64.0,D,KNOX NEWS RADIO 1310 AM/107.9 FM/103.3 FM,"LEIGHTON ENTERPRISES, INC.",USA,Talk,Twins,,Timberwolves,,Grand Forks,"78,200"
95.9,K240CJ,ND,LAMOURE,0.25,46.35861111111111,-98.29222222222222,38.0,D,THE TORNADO,"I3G MEDIA, INC.",USA,Country,,,Timberwolves,,,
96.3,K242AV,CO,THOMASVILLE,0.01,39.35330555555556,-106.68391666666668,8.0,D,,PITKIN COUNTY TRANSLATOR DEPARTMENT,USA,Talk,Rockies,Broncos,Nuggets,Avalanche,,
96.3,K242CF,MN,WILLMAR,0.25,45.13525,-95.04138888888887,139.0,D,NEWSTALK 1340 96.3 KWLM,Lakeland Media LLC,USA,News,,Vikings,Timberwolves,,,
96.3,K242CZ,ND,VALLEY CITY,0.25,46.93525,-98.01202777777776,33.0,D,,"I3G MEDIA, INC.",USA,Country,Twins,Vikings,Timberwolves,,,
96.5,K243CU,TX,LONGVIEW,0.11,32.54680555555555,-94.7991111111111,48.0,D,,La Promesa Foundation,USA,Religious Teaching,,,Mavericks,,Tyler-Longview,"348,400"
96.5,K243CW,OR,Corvallis,0.08,44.59377777777778,-123.2261388888889,52.0,D,NEWSRADIO 1340,"Bicoastal Media Licenses V, LLC",USA,Talk,,,Trail Blazers,,,
96.7,K244FM,WI,LA CROSSE,0.25,43.80636111111111,-91.36763888888888,157.0,D,WKTY SPORTSRADIO,"FAMILY RADIO, INC.",USA,Sports,Brewers,Packers,Bucks,,,
96.9,K245BL,CA,DESERT CENTER,0.01,33.65613888888889,-115.45330555555556,10.0,D,SPORTS 980,"ADVANCE MINISTRIES, INC. D/B/A NEW LIFE CHRISTIAN SCHOOL",USA,Sports,Diamondbacks,AZCardinals,Suns,,,
96.9,K245BW,TX,MARSHALL,0.205,32.56375,-94.35213888888887,117.0,D,ESPN RADIO 1450,"HANSZEN BROADCAST GROUP, INC.",USA,Sports,Astros,,Mavericks,,,
96.9,K245CW,AR,JONESBORO,0.25,35.95397222222223,-90.69483333333334,322.0,D,95.3 THE TICKET,"EAST ARKANSAS BROADCASTERS OF JONESBORO, LLC",USA,Sports,,,Grizzlies,,,
96.9,K245DJ,CA,PETALUMA,0.075,38.33227777777778,-122.59580555555556,8.0,D,KSRO NEWSTALK 1350 AM,AMATURO SONOMA MEDIA GROUP LLC,USA,News,,Raiders,Warriors,,San Francisco,"6,737,900"
97.3,K247AU,CO,DURANGO,0.023,37.26277777777778,-107.89644444444446,15.0,D,ESPN 930AM 97.3FM 106.3FM,FOUR CORNERS BROADCASTING LLC,USA,Sports,Rockies,,Nuggets,,,
97.5,K248AE,CO,MONTROSE,0.01,38.38777777777778,-107.67505555555556,30.0,D,ESPN 1450AM/97.5 FM MONTROSE,"CIMARRON COMMUNICATIONS CO., LLC",USA,Sports,,,Nuggets,Avalanche,,
98.1,K251CC,CA,BEAUMONT,0.045,34.036944444444444,-116.96947222222222,48.0,D,SMART TALK 1490,"KMET, LLC",USA,Talk,Angels,Rams,Lakers,,Riverside-San Bernardino,"2,172,100"
98.1,K251CM,OK,WOODWARD,0.25,36.42697222222222,-99.4063888888889,68.0,D,THE SPORTS ANIMAL,"CLASSIC COMMUNICATIONS, INC.",USA,Sports,,,Thunder,,,
98.1,K251CN,OK,ELK CITY,0.25,35.406166666666664,-99.49869444444444,106.0,D,THE SPORTS ANIMAL 98.1,"PARAGON COMMUNCATIONS, INC.",USA,Sports,,,Thunder,,,
98.3,K252FM,NM,GALLUP SOUTH,0.25,35.60613888888889,-108.69119444444443,68.0,D,ROCKIN OLDIES 1230/98.3,"MILLENNIUM MEDIA, INC.",USA,Oldies,Dodgers,,Lakers,,,
98.7,K254CM,MN,WINONA,0.25,44.041916666666665,-91.67986111111112,55.0,D,THE TALK OF WINONA AM 1230/FM 98.7,"LEIGHTON RADIO HOLDINGS, INC.",USA,Talk,Twins,Vikings,Timberwolves,,,
98.7,K254CO,CO,SILT,0.25,39.51163888888889,-107.74977777777778,25.0,D,95.7 THE MONKEY,"MBC GRAND BROADCASTING, INC.",USA,Oldies,,Broncos,Nuggets,Avalanche,,
99.1,K256CP,OK,BARTLESVILLE,0.25,36.628416666666666,-96.19083333333332,150.0,D,THE SPORTS ANIMAL 1500AM 99.1FM,"POTTER RADIO, LLC",USA,Sports,Cardinals,,Thunder,,Tulsa,"839,600"
99.7,K259CW,MN,FOSSTON,0.25,47.56330555555555,-95.72502777777778,49.0,D,,"R&J BROADCASTING, INC.",USA,Talk,,,Timberwolves,Wild,Grand Forks,"78,200"
99.9,K260CR,OK,SAPULA,0.25,36.04313888888889,-95.95333333333332,212.0,D,THE SPORTS ANIMAL TULSA,"KXOJ, INC.",USA,Sports,Rangers,,Thunder,,Tulsa,"839,600"
100.1,K261EW,ND,CARRINGTON,0.25,47.42858333333333,-99.08455555555555,43.0,D,THE CARDINAL,"I3G MEDIA, INC.",USA,Classic Hits,,Vikings,Timberwolves,,,
100.3,K262AR,MN,WORTHINGTON,0.25,43.62997222222222,-95.67833333333334,126.0,D,THE FAN 730,"ABSOLUTE COMMUNICATIONS II, LLC",USA,Sports,Twins,Vikings,Timberwolves,Wild,,
100.3,K262DH,ND,OAKES,0.25,46.123,-98.08952777777776,50.0,D,THE TORNADO,"I3G MEDIA, INC.",USA,Country,,,Timberwolves,,,
100.7,K264DF,OR,THE DALLES,0.25,45.71177777777778,-121.11675,12.0,D,KOOL COUNTRY'S GREATEST HITS,"Larson-Wynn, Inc.",USA,Country,,Seahawks,Trail Blazers,,,
101.1,K266CE,CO,GRAND JUNCTION,0.099,39.06636111111111,-108.7453888888889,33.0,D,THE TEAM - SPORTS 1340,"MBC GRAND BROADCASTING, INC.",USA,Sports,Rockies,Broncos,Nuggets,Avalanche,,
101.1,K266CM,MN,SUNBURG,0.25,45.37052777777778,-95.14141666666669,96.0,D,NEWSTALK 1340 96.3 KWLM,Lakeland Media LLC,USA,News,,Vikings,Timberwolves,,,
101.3,K267CA,TX,TEMPLE,0.225,31.094166666666663,-97.58111111111111,150.0,D,AM 1010,American Broadcasting of Texas,USA,Talk,,,Mavericks,,Killeen-Temple,"369,800"
101.3,K267CC,OK,VINITA,0.25,36.58230555555556,-95.02663888888888,119.0,D,THE SPORTS ANIMAL,"KXOJ, INC.",USA,Sports,,,Thunder,,,
101.5,K268DP,SD,VERMILLION,0.25,42.9225,-97.06616666666666,82.0,D,ESPN RADIO 1570,5 STAR COMMUNICATIONS INC.,USA,Sports,Cubs,,Timberwolves,Wild,,
101.5,K268DW,CA,KING CITY,0.25,36.383,-121.42886111111112,9.0,D,KRKC COUNTRY,Dimes Media Corporation,USA,Country,Athletics,,Warriors,Sharks,Monterey-Salinas-Santa Cruz,"599,300"
101.7,K269DO,NE,SCOTTSBLUFF,0.25,41.839666666666666,-103.82694444444444,112.8,D,100.7 KOLT FM,NEBRASKA RURAL RADIO ASSOCIATION,USA,News,Rockies,,Nuggets,Avalanche,,
101.7,K269GR,MN,MARSHALL,0.25,44.44944444444444,-95.76194444444444,106.0,D,FOURTEEN HUNDRED AM KMHL,"SUBARCTIC MEDIA, LLC",USA,News,Twins,,Timberwolves,,,
101.7,K269GY,CA,SAN LUIS OBISPO,0.25,35.36108333333333,-120.65683333333334,20.0,D,ESPN RADIO 1280,Rip Curl Broadcasting LLC,USA,Sports,Dodgers,Rams,Lakers,,San Luis Obispo,"249,500"
101.7,K269GZ,MO,SIKESTON,0.25,36.83638888888889,-89.54416666666667,76.0,D,NEWSRADIO 960,MRR LICENSE LLC,USA,Talk,,,Grizzlies,,,
102.5,K273DC,CO,STERLING,0.25,40.61775,-103.1785277777778,45.0,D,FOX SPORTS 1230 AM KSTC,MEDIA LOGIC LLC,USA,Sports,,,Nuggets,Avalanche,,
102.9,K275BB,MN,ROSEAU,0.25,48.84511111111112,-95.72625,50.0,D,,"R&J Broadcasting, Inc.",USA,Oldies,Twins,,Timberwolves,Wild,,
103.3,K277AI,MN,RUSSELL,0.25,44.32552777777778,-95.87225,116.0,D,,"SUBARCTIC MEDIA, LLC",USA,Talk,Twins,,Timberwolves,,,
103.3,K277DH,CA,SAN DIEGO,0.25,32.838055555555556,-117.25,20.0,D,THE PATRIOT AM 1360,iHeartMedia,USA,News,,,Lakers,,San Diego,"2,881,200"
103.3,K277DN,ND,GRAND FORKS,0.25,47.813583333333334,-96.93036111111113,119.0,D,KNOX NEWS RADIO 1310 AM/107.9 FM/103.3 FM,"LEIGHTON ENTERPRISES, INC.",USA,Talk,Twins,,Timberwolves,,Grand Forks,"78,200"
103.5,K278CD,CA,SANTA ROSA,0.25,38.418499999999995,-122.67691666666668,10.0,D,KSRO NEWSTALK 1350 AM,"AMATURO SONOMA MEDIA GROUP, LLC",USA,News,,,Warriors,,San Francisco,"6,737,900"
103.7,K279DC,TX,DIBOLL,0.25,31.334916666666665,-94.6696388888889,207.0,D,KSML 1260 AM - 103.7 FM,KASA FAMILY LIMITED PARTNERSHIP,USA,Sports,Astros,Texans,Mavericks,,,
103.9,K280CV,CA,CATHEDRAL CITY,0.25,33.86622222222223,-116.43491666666668,7.6,D,ESPN RADIO 103.9,Alpha Media Licensee LLC,USA,Sports,Dodgers,,Lakers,,Palm Springs,"383,500"
103.9,K280DT,CA,"THOUSAND OAKS, ETC.",0.005,34.165,-118.90480555555555,14.15,D,K-NEWS 94.3 100.7,iHeartMedia,USA,Talk,,,Lakers,,Oxnard-Ventura,"438,600"
103.9,K280GP,CA,REDDING,0.25,40.55847222222222,-122.33111111111111,67.0,D,FOX SPORTS RADIO 103.9 FM AND 1400 AM,"SMG-REDDING, LLC",USA,Sports,Athletics,Raiders,Warriors,Sharks,Redding,"153,500"
104.5,K283BM,ID,POCATELLO,0.099,42.873777777777775,-112.51386111111113,16.0,D,94.9 & 104.5 THE ROCK,"SANDHILL MEDIA GROUP, LLC",USA,Classic Rock,,,Jazz,,,
104.5,K283BN,UT,VERNAL,0.17,40.53772222222222,-109.69986111111112,18.0,D,NEWS TALK 104.5 FM & 920 AM KVEL,"ASHLEY COMMUNICATIONS, INC.",USA,Talk,,,Jazz,,,
104.7,K284BO,AZ,FLAGSTAFF,0.25,35.24055555555556,-111.59822222222222,8.0,D,ESPN 104.7 FM,YAVAPAI BROADCASTING CORPORATION,USA,Sports,Diamondbacks,AZCardinals,Suns,Coyotes,,
104.9,K285DL,AZ,TUCSON,0.231,32.28980555555555,-111.01897222222222,125.0,D,THE FAN,"Relevant Radio, Inc.",USA,Sports,Diamondbacks,AZCardinals,Suns,,Tucson,"882,500"
104.9,K285FW,CA,KING CITY,0.25,35.95118055555556,-121.00173611111111,23.0,D,FULL SERVICE COUNTRY,Dimes Media Corporation,USA,Country,Athletics,,Warriors,Sharks,Monterey-Salinas-Santa Cruz,"599,300"
105.3,K287CF,OR,BROOKINGS,0.25,41.96944444444445,-124.18786111111112,30.0,D,YOUR FAVORITE SONGS,"BICOASTAL MEDIA LICENSES II, LLC",USA,Adult Standards,,,Trail Blazers,,,
105.5,K288DA,CO,"VAIL, ETC.",0.086,39.616083333333336,-106.44975,24.0,D,,"KRAYON'S WILD BASIN, LLC",USA,Talk,Rockies,Broncos,Nuggets,Avalanche,,
105.7,K289BQ,CO,REDSTONE,0.018,39.23886111111111,-107.21783333333332,11.0,D,,PITKIN COUNTY TRANSLATOR DEPARTMENT,USA,Talk,Rockies,Broncos,Nuggets,Avalanche,,
105.7,K289CE,ND,GRAND FORKS,0.25,47.79747222222222,-96.58838888888889,68.0,D,KROX 105.7 FM & 1260 AM,GOPHER COMMUNICATIONS COMPANY,USA,Adult Contemporary,Twins,Vikings,Timberwolves,Wild,Grand Forks,"78,200"
105.9,K290CV,TX,WACO,0.25,31.50925,-97.16780555555556,131.0,D,AM 1010,,USA,Talk,,,Mavericks,,Waco,"218,700"
106.3,K292GX,CO,DURANGO,0.25,37.26222222222222,-107.90283333333332,20.0,D,ESPN 930AM 97.3FM 106.3FM,FOUR CORNERS BROADCASTING LLC,USA,Sports,Rockies,,Nuggets,,,
106.3,K292HA,CO,MONTROSE,0.25,38.48830555555555,-107.84838888888888,20.0,D,ESPN 1450AM/97.5 FM MONTROSE,WESTERN SLOPE COMMUNICATIONS LLC,USA,Sports,,,Nuggets,,,
106.5,K293AW,CA,SAN LUIS OBISPO,0.25,35.26386111111111,-120.6673888888889,44.0,D,K-JEWEL,Rip Curl Broadcasting LLC,USA,Adult Standards,Giants,49ers,Warriors,,San Luis Obispo,"249,500"
106.5,K293CQ,OR,ALTAMONT,0.25,42.223194444444445,-121.81833333333331,24.0,D,LA PATRONA 106.5 FM & 1240 AM,"WYNNE BROADCASTING, LLC",USA,Regional Mexican,,,Trail Blazers,,,
106.5,K293DA,AZ,SEDONA,0.17,34.86083333333333,-111.82027777777778,53.8,D,AM 780 KAZM,Cutter Grind Broadcasting LLC,USA,Talk,Diamondbacks,AZCardinals,Suns,,,
106.9,K295CW,UT,LOGAN,0.25,41.871583333333334,-111.80938888888888,10.0,D,106.9 FM/1390 AM THE FAN,"SUN VALLEY RADIO, INC.",USA,Sports,,,Jazz,,,
107.3,K297BV,UT,PRICE,0.06,39.529944444444446,-111.05155555555557,28.0,D,NEWSTALK 750,BRANDT ELLIS PIERCE,USA,Talk,,Raiders,Jazz,,,
107.5,K298AT,CO,RIFLE,0.075,39.51358333333334,-107.77922222222222,10.0,D,,"KRAYON'S WILD BASIN, LLC",USA,Talk,Rockies,Broncos,Nuggets,Avalanche,,
107.5,K298CR,OK,ARDMORE,0.25,34.182027777777776,-97.14669444444444,52.0,D,107.5FM 1240AM THE SPORTS ANIMAL,"SMG-ARDMORE, LLC",USA,Sports,,,Thunder,,,
107.7,K299BX,MN,MORRIS,0.25,45.60302777777778,-95.88755555555556,80.0,D,KMRS 1230 AM - 107.7 FM,"IOWA CITY BROADCASTING COMPANY, INC.",USA,Talk,Twins,,Timberwolves,,,
107.9,K300BG,ND,GRAND FORKS,0.25,47.88302777777778,-97.11313888888888,54.0,D,KNOX NEWS RADIO 1310 AM/107.9 FM/103.3 FM,"LEIGHTON ENTERPRISES, INC.",USA,Talk,Twins,,Timberwolves,,Grand Forks,"78,200"
105.3,KAKJ,AR,MARIANNA,6.0,34.787305555555555,-90.76761111111112,101.0,A,FORCE 3 RADIO,L.T. SIMES II & RAYMOND SIMES,USA,R&B,,,Grizzlies,,,
104.1,KBRI,AR,CLARENDON,24.0,34.675,-91.21305555555556,95.0,C3,107.3 EARL FM,"EAST ARKANSAS BROADCASTERS, INC.",USA,Classic Rock,,,Grizzlies,,,
106.7,KBZU,AR,BENTON,13.0,34.79897222222222,-92.49572222222224,99.1,C2,106.7 THE BUZZ,"SIGNAL MEDIA OF ARKANSAS, INC.",USA,Sports,,,Grizzlies,,Little Rock,"609,200"
104.9,KCLT,AR,WEST HELENA,3.0,34.51563888888889,-90.67036111111112,94.0,A,FORCE 2 RADIO,WEST HELENA BROADCASTERS INC.,USA,R&B,,,Grizzlies,,,
97.1,KEGL,TX,FORT WORTH,100.0,32.588750000000005,-96.96833333333332,453.0,C,97.1 THE EAGLE,iHeartMedia,USA,Rock,,,Mavericks,,Dallas-Ft. Worth,"6,516,200"
104.9,KEPD,CA,RIDGECREST,1.5,35.47716666666667,-117.70061111111112,26.0,B1,JUAN FM 104.9,"ADELMAN BROADCASTING, INC.",USA,Adult Hits,,,Clippers,,Bakersfield,"667,600"
95.7,KGMZ-FM,CA,SAN FRANCISCO,6.9,37.68963888888889,-122.43772222222222,78.0,B,95.7 FM THE GAME,"Audacy License, LLC",USA,Sports,,,Warriors,,San Francisco,"6,737,900"
102.9,KHKO,OR,PRAIRIE CITY,1.1,44.378194444444446,-118.96911111111112,6.0,A,,"KJDY, LLC",USA,News,,,Trail Blazers,,,
96.1,KITO-FM,OK,VINITA,50.0,36.58227777777778,-95.02661111111112,132.0,C2,THE SPORTS ANIMAL TULSA,"KXOJ, INC.",USA,Sports,,,Thunder,,,
106.1,KKBI,OK,BROKEN BOW,17.0,34.245916666666666,-94.78297222222224,99.0,C2,BEST COUNTRY 106,JL Radio LLC,USA,Country,Rangers,,Thunder,,,
94.3,KKIN-FM,MN,AITKIN,14.0,46.68827777777778,-93.59966666666666,139.0,C3,,"R & J BROADCASTING, INC.",USA,Country,Twins,Vikings,Timberwolves,,,
92.5,KKSE-FM,CO,BROOMFIELD,5.6,39.913333333333334,-105.29305555555555,28.0,C2,ALTITUDE SPORTS 92.5 FM,"KSE RADIO VENTURES, LLC",USA,Sports,,,Nuggets,Avalanche,Ft. Collins-Greeley,"531,500"
101.3,KMCO,OK,WILBURTON,100.0,34.987027777777776,-95.70305555555557,136.0,C1,K-101 FM,McAlester Streaming Technologies LLC,USA,Country,,,Thunder,,,
107.1,KMGK,MN,GLENWOOD,3.3,45.614666666666665,-95.39141666666669,84.0,A,THE LAKES SMOOTH MAGIC 107,"BRANSTOCK COMMUNICATIONS, INC.",USA,Smooth Jazz,Twins,,Timberwolves,Wild,,
98.7,KMVP-FM,AZ,PHOENIX,100.0,33.33283333333333,-112.06402777777778,101.0,C,ARIZONA SPORTS 98.7,Bonneville International Corporation,USA,Sports,Diamondbacks,AZCardinals,Suns,Coyotes,Phoenix,"3,779,500"
106.1,KNFO,CO,BASALT,1.6,39.31525,-106.96058333333332,30.0,A,,"ALWAYSMOUNTAINTIME, LLC",USA,Talk,Rockies,Broncos,Nuggets,Avalanche,,
106.1,KNFO-FM1,CO,GLENWOOD SPRINGS,0.0745,39.56108333333333,-107.31725,10.0,D,,"ALWAYSMOUNTAINTIME, LLC",USA,Talk,Rockies,Broncos,Nuggets,Avalanche,,
93.7,KNTK,NE,FIRTH,6.0,40.58261111111111,-96.62119444444444,91.4,A,93.7 THE TICKET,BDP Communications LLC,USA,Sports,,,Bulls,,Lincoln,"280,500"
93.9,KPAY-FM,CA,CHICO,2.0,39.94597222222222,-121.72247222222222,72.0,B1,KPAY NEWS TALK 93.9,"DEER CREEK BROADCASTING, LLC",USA,News,,,Warriors,,Chico,"180,000"
94.9,KPKY,ID,POCATELLO,100.0,42.873777777777775,-112.5141388888889,37.0,C,94.9 & 104.5 THE ROCK,"RJ BROADCASTING LS, LLC",USA,Classic Rock,,,Jazz,,,
102.7,KSL-FM,UT,MIDVALE,21.5,40.65972222222222,-112.20208333333332,52.0,C,KSL NEWS RADIO,BONNEVILLE INTERNATIONAL CORPORATION,USA,News,,,Jazz,,Salt Lake City-Ogden-Provo,"2,096,100"
97.5,KTJZ,LA,TALLULAH,6.0,32.411249999999995,-91.19369444444445,55.0,A,HOT 97.5,"MID SOUTH COMMUNICATIONS COMPANY, INC.",USA,Hip Hop,,,Pelicans,,,
105.7,KTYV,CO,STEAMBOAT SPRINGS,0.21,40.45108333333334,-106.75225,14.0,A,KTYV 105.7 SPORTS ON FM,BLIZZARD BROADCASTING LLC,USA,Sports,,,Nuggets,Avalanche,,
97.1,KYAL-FM,OK,MUSKOGEE,100.0,35.413444444444444,-95.36552777777776,568.0,C,THE SPORTS ANIMAL TULSA,KMMY INC.,USA,Sports,,,Thunder,,,
103.1,KYDT,WY,PINE HAVEN,25.0,44.47636111111111,-104.44883333333334,49.0,C1,DIRT ROAD RADIO,"Tri State Communications, LLC",USA,Talk,Rockies,Broncos,Nuggets,Avalanche,,
104.5,KZKY,ID,UCON,37.0,43.54266666666666,-111.88605555555556,29.0,C2,94.9 & 104.5 THE ROCK,"RJ BROADCASTING LS, LLC",USA,Classic Rock,,,Jazz,,,
97.5,KZNS-FM,UT,COALVILLE,89.0,40.87105555555556,-110.996,47.0,C,KSL 97.5 SPORTS ZONE,Jazz Communications LLC,USA,Sports,,Raiders,Jazz,,,
92.1,W221DA,WI,HOWARD,0.25,44.47777777777778,-87.99983333333333,79.0,D,SPORTS TALK 1440 WNFL,"MIDWEST COMMUNICATIONS, INC.",USA,Sports,,,Bucks,,Green Bay,"228,400"
92.1,W221EH,MI,IRONWOOD,0.25,46.42161111111111,-90.24961111111112,73.0,D,REAL COUNTRY  US 59,"J & J BROADCASTING, INC.",USA,Country,Brewers,,Bucks,,,
92.5,W223BH,ME,PORTLAND,0.175,43.654777777777774,-70.26363888888889,49.0,D,BIG JAB,"Atlantic Coast Radio, LLC",USA,Sports,,,Celtics,,"Portland, ME","612,700"
92.5,W223CZ,IN,MUNCIE,0.17,40.16116666666667,-85.3788611111111,120.0,D,MUNCIE SPORTS 102.9 FM,Woof Boom Radio Muncie License LLC,USA,Sports,Reds,Colts,Pacers,,Muncie-Marion,"166,200"
92.7,W224DE,WI,JANESVILLE,0.25,42.68322222222222,-89.0201388888889,32.3,D,WCLO 1230 AM AND 92.7 FM,BENJAMIN THOMPSON,USA,News,Brewers,Bears,Bucks,,,
92.9,W225CW,WV,PARKERSBURG,0.25,39.33825,-81.49888888888889,38.0,D,ESPN 630AM 92.9FM,"JAWCO, INC.",USA,Sports,Guardians,Steelers,Cavaliers,,,
92.9,W225DL,NC,CHERRYVILLE,0.25,35.23238888888889,-81.27636111111111,10.0,D,CAROLINE COUNTRY RADIO,"KTC Broadcasting, Inc.",USA,Country,Braves,Panthers,Hornets,,Charlotte-Gastonia-Rock Hill,"2,434,200"
93.1,W226BZ,GA,MACON,0.12,32.75361111111111,-83.56277777777777,229.0,D,MIDDLE GEORGIA`S ESPN,"SHANKS BROADCASTING, LLC",USA,Sports,Braves,Falcons,Hawks,,Macon,"385,400"
93.1,W226CL,IL,STERLING,0.25,41.85169444444445,-89.71066666666667,84.0,D,WSDR AM 1240 - 93.1 FM,VIRDEN BROADCASTING CORP.,USA,News,Cubs,Bears,Bulls,,,
93.5,W228CX,IN,INDIANAPOLIS,0.25,39.76755555555555,-86.00330555555556,280.0,D,93.5/107.5 THE FAN,"Radio One of Indiana, LLC",USA,Sports,,Colts,Pacers,,Indianapolis,"1,634,200"
93.5,W228DQ,MI,ESCANABA,0.25,45.80469444444444,-87.17097222222223,120.0,D,NEWSTALK 93.5 - 600,"AMC PARTNERS ESCANABA, LLC",USA,Talk,,,Pistons,Red Wings,,
93.5,W228DY,NJ,NEW BRUNSWICK,0.25,40.47705555555556,-74.49211111111111,134.0,D,FOX SPORTS NEW JERSEY 93.5/1450,"BEASLEY MEDIA GROUP LICENSES, LLC",USA,Sports,,,Knicks,,Middlesex-Somerset-Union,"1,536,000"
93.5,W228EL,OH,AKRON,0.225,41.06463888888889,-81.58286111111111,163.1,D,SOFT HITS 93.5,"RUBBER CITY RADIO GROUP, INC.",USA,Soft AC,Guardians,Browns,Cavaliers,,Akron,"615,300"
93.5,W228EN,OH,SANDUSKY,0.25,41.33097222222222,-82.59902777777778,111.0,D,WLEC 1450,"BAS BROADCASTING, INC.",USA,Adult Standards,Guardians,,Cavaliers,,,
93.7,W229DC,MA,FALL RIVER,0.25,41.68980555555555,-71.14475,49.0,D,GREATER FALL RIVER`S ETHNIC RADIO STATION,"RVDE, LLC",USA,Ethnic,,,Celtics,,Providence-Warwick-Pawtucket,"1,469,100"
93.9,W230BU,WI,ROTHSCHILD,0.25,44.98302777777778,-89.60288888888888,101.0,D,93.9 THE GAME,"WRIG, INC.",USA,Sports,,,Bucks,,Wausau-Stevens Point,"243,500"
93.9,W230CP,MA,PITTSFIELD,0.001,42.44752777777777,-73.25316666666667,10.0,D,,SUN SIGNALS LLC,USA,Classic Hits,Red Sox,,Celtics,,,
93.9,W230DG,MN,WAITE PARK,0.225,45.559999999999995,-94.13916666666668,140.0,D,ALL SPORTS,"TOWNSQUARE MEDIA LICENSEE OF ST. CLOUD, INC.",USA,Sports,,,Timberwolves,Wild,Saint Cloud,
94.1,W231BU,TN,EAST UNION,0.25,35.64702777777778,-88.83338888888889,134.0,D,SPORTS RADIO 94/1390 [ESPN],"FOREVER SOUTH LICENSES, LLC",USA,Sports,,,Grizzlies,,"Jackson, TN",
94.3,W232DN,NH,CLAREMONT,0.015,43.39588888888889,-72.29397222222222,14.0,D,94 WEEI,"Great Eastern Radio, LLC",USA,Sports,Red Sox,Patriots,Celtics,,Lebanon-Hanover-White River Junction,"162,400"
94.7,W234DD,MA,NORTH ADAMS,0.25,42.698388888888886,-73.06452777777777,52.0,D,NEW COUNTRY 94.7,"Townsquare License, LLC",USA,Country,Red Sox,Patriots,Celtics,Bruins,,
94.7,W234DO,OH,PAINESVILLE,0.05,41.73961111111111,-81.23480555555555,8.0,D,,"RADIO ADVANTAGE ONE, LLC",USA,Gospel Music,,,Cavaliers,,Cleveland,"1,780,800"
95.3,W237EU,MN,ST. CLOUD,0.25,45.559999999999995,-94.13916666666668,140.0,D,INFORMATION RADIO,"TOWNSQUARE MEDIA LICENSEE OF ST. CLOUD, INC.",USA,News,Twins,Vikings,Timberwolves,,Saint Cloud,
95.9,W240CA,TN,BRENTWOOD,0.25,36.268027777777775,-86.79575,244.0,D,SPORTSRADIO 560 WNSR,"SOUTHERN WABASH COMMUNICATIONS OF MIDDLE TENNESSEE, INC.",USA,Sports,Braves,,Grizzlies,,Nashville,"1,563,200"
95.9,W240EB,MA,FALL RIVER,0.25,41.72427777777778,-71.18866666666668,119.0,D,THE LEGENDARY WSAR 1480,"BRISTOL COUNTY BROADCASTING, INC.",USA,Talk,Red Sox,Patriots,Celtics,,Providence-Warwick-Pawtucket,"1,469,100"
96.1,W241CK,IN,JEFFERSONVILLE,0.25,38.26591666666667,-85.71386111111111,113.0,D,1450 & 96.1 THE BIG X,"WORD BROADCASTING NETWORK, INC.",USA,Sports,Braves,Colts,Pacers,,Louisville,"1,063,200"
96.1,W241DF,IL,ROCKFORD,0.25,42.279222222222224,-89.03747222222222,55.0,D,NEWS TALK,"Townsquare License, LLC",USA,News,White Sox,,Bulls,,Rockford,"287,400"
96.3,W242CX,KY,PADUCAH,0.25,37.04888888888889,-88.61444444444444,145.0,D,DXR 102.5,"Bristol Broadcasting Company, Inc.",USA,Classic Hits,,,Grizzlies,,,
96.5,W243ED,WI,RICE LAKE,0.25,45.50861111111111,-91.77416666666666,110.0,D,WJMC 1240/96.5,"AMC Partners Rice Lake, LLC",USA,Talk,Brewers,,Bucks,,,
96.9,W245CL,FL,DELTONA,0.25,28.60627777777778,-81.45663888888889,140.0,D,96.9 THE GAME,iHeartMedia,USA,Sports,,Buccaneers,Magic,,Orlando,"1,983,100"
96.9,W245CU,VA,HOPEWELL,0.25,37.29625,-77.31358333333333,52.0,D,CLASIC COUNTRY FOR SUTHSIDE VIRGINIA,"GEE COMMUNICATIONS, INC.",USA,Country,Orioles,Panthers,Wizards,,,
97.1,W246DT,VT,COLCHESTER,0.09,44.50636111111111,-73.1498888888889,46.0,D,THE GAME 97.1-105.9-960,"Vox AM/FM, LLC",USA,Sports,Red Sox,Patriots,Celtics,Bruins,Burlington-Plattsburgh,"344,900"
98.1,W251CF,NH,DOVER,0.25,43.236472222222226,-70.89311111111111,63.0,D,THE PULSE OF NH,"WBIN MEDIA CO., INC.",USA,News,Red Sox,,Celtics,Bruins,Portsmouth-Dover-Rochester,"452,600"
98.1,W251CT,MA,SPRINGFIELD,0.25,42.10916666666667,-72.61055555555555,85.0,D,NUEVA 98.1,"Audacy License, LLC",USA,Contemporary Hit Radio,,,Celtics,,"Springfield, MA","560,500"
98.3,W252EI,ME,BRUNSWICK,0.015,43.90333333333333,-70.0363888888889,36.6,D,NEWS-TALK WLOB,"ATLANTIC COAST RADIO, LLC",USA,Talk,Red Sox,,Celtics,,"Portland, ME","612,700"
98.5,W253CI,GA,BLACKSHEAR,0.25,31.312416666666667,-82.23316666666666,50.0,D,SPORTS SUPERSTATIONS,"Shanks Broadcasting, LLC",USA,Sports,Braves,Falcons,Hawks,,,
98.7,W254DP,IN,BLOOMINGTON,0.25,39.15311111111111,-86.51694444444445,91.0,D,NEWS-WEATHER-TALK,"SARKES TARZIAN, INC.",USA,Talk,Reds,Colts,Pacers,,,
98.9,W255DJ,PA,YORK,0.25,39.94175,-76.69827777777778,49.0,D,SPORTSRADIO 98.9 AND WOYK 1350,"YORK PROFESSIONAL BASEBALL CLUB, LLC",USA,Sports,Phillies,,76ers,,York,"488,500"
99.3,W257CZ,MI,HOUGHTON,0.25,47.13491666666667,-88.56483333333333,86.0,D,99.3 THE LIFT,Queen Bee's Knees LLC,USA,Hot AC,Tigers,Lions,Pistons,Red Wings,,
99.5,W258DW,WI,SENECA,0.175,43.26305555555555,-90.93727777777778,53.0,D,PRAIRIE`S OWN 980 & FM 104.3,ROBINSON MEDIA CORPORATION,USA,Classic Hits,,,Bucks,,,
99.9,W260DB,NH,NASHUA,0.25,42.75952777777778,-71.47644444444444,58.0,D,OLDIES RADIO WGAM,"ABSOLUTE BROADCASTING, LLC",USA,Oldies,,,Celtics,,,
100.1,W261DJ,VT,RANDOLPH,0.25,43.95327777777778,-72.59908333333333,12.0,D,RANDOLPH'S REAL COUNTRY 1320,"SUGAR RIVER MEDIA, LLC",USA,Country,Red Sox,,Celtics,,Lebanon-Hanover-White River Junction,"162,400"
100.3,W262DC,OH,CELINA,0.25,40.55291666666666,-84.51725,123.3,D,WE DO IT FOR YOU,"Buzzards Media, LLC",USA,Adult Standards,,,Cavaliers,,Lima-Van Wert,"239,700"
100.3,W262DM,OH,ELYRIA,0.025,41.2695,-82.00430555555556,200.0,D,WEOL AM 930 - 100.3 FM,ELYRIA-LORAIN BROADCASTING CO.,USA,News,Guardians,,Cavaliers,,Cleveland,"1,780,800"
100.5,W263BZ,ME,PORTLAND,0.25,43.743972222222226,-70.33311111111111,137.0,D,NEWS-TALK WLOB,"ATLANTIC COAST RADIO, LLC",USA,Talk,Red Sox,,Celtics,,"Portland, ME","612,700"
100.5,W263DA,NJ,TOMS RIVER,0.12,39.95175,-74.20286111111112,61.0,D,FOX SPORTS RADIO JERSEY SHORE,"BEASLEY MEDIA GROUP LICENSES, LLC",USA,Sports,,,Knicks,,Monmouth-Ocean,"1,107,200"
100.7,W264DN,WI,FOND DU LAC,0.25,43.79083333333333,-88.4715,105.0,D,KFIZ NEWS TALK 1450AM,"RBH Enterprises, Inc.",USA,News,Brewers,,Bucks,,,
100.9,W265CY,IN,FORT WAYNE,0.05,41.11088888888889,-85.19552777777778,180.0,D,1380 THE FAN,PATHFINDER COMMUNICATIONS CORPORATION,USA,Sports,White Sox,Colts,Pacers,,Ft. Wayne,"474,300"
100.9,W265DL,OH,DOVER-NEW PHILADELPH,0.25,40.43861111111111,-81.43333333333334,59.0,D,WJER 1450 AM AND 100.9 FM,WTUZ Radio Inc,USA,Adult Contemporary,Guardians,Browns,Cavaliers,,,
101.1,W266CJ,OH,BEACHWOOD,0.25,41.442277777777775,-81.49122222222222,71.0,D,,"iHM Licenses, LLC",USA,Rock,Guardians,,Cavaliers,,Cleveland,"1,780,800"
101.1,W266CS,MI,TRAVERSE CITY,0.25,44.76027777777778,-85.68286111111112,50.0,D,JML THE GRATEFUL DEAD STATION,MITTEN NEWS LLC,USA,Variety,Tigers,,Pistons,,Traverse City-Petoskey-Cadillac,"238,300"
101.1,W266DC,NC,GASTONIA,0.22,35.23233333333334,-81.27672222222222,9.0,D,,"SN RADIO, LLC",USA,Talk,,Commanders,Hornets,,Charlotte-Gastonia-Rock Hill,"2,434,200"
101.3,W267CQ,OH,MARIETTA,0.25,39.41925,-81.47622222222222,50.0,D,WMOA LOCAL RADIO 1490 - 101.3,"JAWCO, INC.",USA,Soft AC,Reds,Bengals,Cavaliers,,,
101.5,W268CU,NC,SHELBY,0.25,35.29125,-81.56730555555555,91.0,D,THE BOSS 101.5AM - 1390AM,"KTC BROADCASTING, INC.",USA,Oldies,Braves,Panthers,Hornets,,Charlotte-Gastonia-Rock Hill,"2,434,200"
101.7,W269DF,NC,WILMINGTON,0.25,34.20988888888889,-77.94777777777779,119.0,D,ESPN WILMINGTON 101.7 AND 630AN,"Sunrise Broadcasting, LLC",USA,Sports,,,Hornets,,,
101.9,W270AJ,WI,GREEN BAY,0.25,44.47777777777778,-87.99983333333333,78.0,D,SPORTS TALK 1440 WNFL,"MIDWEST COMMUNICATIONS, INC",USA,Sports,,,Bucks,,Green Bay,"228,400"
101.9,W270CJ,MI,JACKSON,0.25,42.23697222222222,-84.36438888888888,45.0,D,FOX SPORTS 101.9,"MCKIBBIN MEDIA GROUP, INC.",USA,Sports,Tigers,Lions,Pistons,Red Wings,,
101.9,W270DK,IN,ELKHART,0.25,41.67477777777778,-85.9475,120.0,D,MNC NATION 1340 AM & 101.9 FM,PATHFINDER COMMUNICATIONS CORPORATION,USA,News,Cubs,,Bulls,,,
101.9,W270DS,NH,CONCORD,0.065,42.981861111111115,-71.58877777777778,30.0,D,"WKXL 1450 AM, 103.9 AND 101.9 FM",NEW HAMPSHIRE FAMILY RADIO LLC,USA,News,,,Celtics,,Boston,"4,463,500"
102.3,W272DM,GA,GRIFFIN,0.25,33.24011111111111,-84.24852777777778,91.0,D,"IF IT'S NEWS, IT'S HERE FIRST",DONNA I. TAYLOR,USA,News,Braves,Falcons,Hawks,,Atlanta,"5,102,700"
102.5,W273CH,KY,PADUCAH,0.25,37.048944444444444,-88.61449999999999,180.0,D,DXR 102.5,"BRISTOL BROADCASTING COMPANY, INC.",USA,Classic Hits,,,Grizzlies,,,
102.9,W275AJ,IN,MUNCIE,0.099,40.15611111111111,-85.43,106.0,D,MUNCIE SPORTS 102.9 FM,WOOF BOOM RADIO MUNCIE LICENSE LLC,USA,Sports,Reds,Colts,Pacers,,Muncie-Marion,"166,200"
103.3,W277CH,KY,PADUCAH,0.25,37.14255555555555,-88.65061111111112,149.0,D,103.3 THE BRIDGE,SAMUEL K. STRATEMEYER,USA,Rock,White Sox,,Bulls,Predators,,
103.3,W277CV,WI,MILWAUKEE,0.25,43.09138888888889,-87.90202777777779,247.0,D,620-103.3 WTMJ NEWSRADIO,"AUSLATOR, LLC",USA,News,Brewers,,Bucks,,Milwaukee-Racine,"1,528,900"
103.5,W278AU,WI,APPLETON,0.25,44.26027777777778,-88.36666666666666,119.0,D,APPLETON'S NEWS-TALK 1150,"WOODWARD COMMUNICATIONS, INC.",USA,News,Brewers,,Bucks,,Appleton-Oshkosh,"358,200"
103.5,W278CJ,NH,Manchester,0.25,43.010555555555555,-71.50361111111111,58.0,D,OLDIES RADIO WGAM,"Absolute Broadcasting, LLC",USA,Oldies,,,Celtics,,Boston,"4,463,500"
103.7,W279AR,GA,BRUNSWICK,0.25,31.194444444444446,-81.49175,111.0,D,THE SUPER STATIONS,"Shanks Broadcasting, LLC",USA,Sports,,,Hawks,,,
103.7,W279CY,FL,PENSACOLA,0.25,30.452694444444443,-87.24052777777779,88.0,D,TALK FM 103.7 790 AM,"MIRACLE RADIO, INC.",USA,News,,Saints,Pelicans,,Pensacola,"445,000"
103.9,W280EC,NH,CONCORD,0.038,43.19472222222222,-71.55499999999999,85.3,D,"WKXL 1450 AM, 103.9 AND 101.9 FM","NEW HAMPSHIRE FAMILY RADIO, LLC",USA,News,,,Celtics,,,
103.9,W280FB,MN,DULUTH,0.25,46.78911111111111,-92.1193611111111,85.0,D,NEWSTALK 610 KDAL,"MIDWEST COMMUNICATIONS, INC.",USA,Talk,Twins,,Timberwolves,Wild,Duluth-Superior,"182,100"
104.3,W282BU,WI,PRAIRIE DU CHIEN,0.25,43.05969444444444,-91.10069444444444,76.0,D,PRAIRIE`S OWN 980 & FM 104.3,ROBINSON MEDIA CORPORATION,USA,Classic Hits,,,Bucks,,,
104.5,W283DA,VA,LYNCHBURG,0.05,37.30125,-79.18555555555555,8.0,D,"WBRG 104.5 FM, 105.1 FM AND SUPERTALK 1050","TRI-COUNTY BROADCASTING, INC.",USA,Talk,Nationals,Commanders,Wizards,,Roanoke-Lynchburg,"454,400"
104.5,W283DG,VA,STERLING,0.19,39.01761111111111,-77.42972222222222,52.0,D,FEDERAL NEWS NETWORK,"Washington DC FCC License Sub, LLC",USA,Talk,,,Wizards,,"Washington, DC","5,099,200"
105.1,W286CK,WI,EAU CLAIRE,0.185,44.79997222222222,-91.46572222222224,175.0,D,SPORTS TALK 105.1,"CLEAR WATER BRANDS, INC.",USA,Sports,Brewers,,Bucks,,Eau Claire,"150,000"
105.1,W286CX,VA,LYNCHBURG,0.24,37.42080555555555,-79.11524999999999,63.0,D,"WBRG 104.5 FM, 105.1 FM AND SUPERTALK 1050",BRENT EPPERSON,USA,News,Nationals,Commanders,Wizards,,Roanoke-Lynchburg,"454,400"
105.1,W286DJ,VA,RICHMOND,0.25,37.61430555555555,-77.51527777777778,160.0,D,910 /105.1THE FAN,"Audacy License, LLC",USA,Sports,,Commanders,Wizards,,Richmond,"1,098,200"
105.3,W287BC,IN,PORTLAND,0.25,40.43644444444444,-85.01552777777778,59.0,D,PG 14,"WPGW, INC.",USA,Classic Hits,Reds,Colts,Pacers,,,
105.3,W287BT,MA,FITCHBURG,0.15,42.59452777777778,-71.83616666666666,15.0,D,K-ZONE 105.3 FM,"K-ZONE MEDIA GROUP, LLC",USA,Talk,Red Sox,Patriots,Celtics,Bruins,Boston,"4,463,500"
105.7,W289CP,OH,FOSTORIA,0.25,41.15783333333333,-83.41352777777779,44.0,D,ESPN RADIO 1320 AM 105.7 FM,"TCB HOLDINGS, INC.",USA,Sports,Guardians,Browns,Cavaliers,,,
105.9,W290AT,NY,PLATTSBURGH,0.073,44.709472222222225,-73.46677777777778,42.0,D,THE GAME 97.1-105.9-960,"VOX AM/FM, LLC",USA,Sports,Red Sox,Patriots,Celtics,Bruins,Burlington-Plattsburgh,"344,900"
105.9,W290BD,GA,MONTEZUMA,0.02,32.630250000000004,-83.64527777777778,63.0,D,MIDDLE GEORGIA'S NEW R&B STATION,"SHANKS BROADCASTING, LLC",USA,R&B,Braves,,Hawks,,Macon,"385,400"
106.3,W292DR,WI,WRIGHTSTOWN,0.25,44.35888888888889,-87.98527777777778,85.0,D,APPLETON'S NEWS-TALK 1150,"WOODWARD COMMUNICATIONS, INC.",USA,News,Brewers,,Bucks,,Green Bay,"228,400"
106.3,W292FA,WI,OSHKOSH,0.25,44.140027777777775,-88.54733333333333,64.0,D,APPLETON'S NEWS-TALK 1150,"WOODWARD COMMUNICATIONS, INC",USA,News,Brewers,,Bucks,,Appleton-Oshkosh,"358,200"
106.5,W293AM,WV,MARTINSBURG,0.102,39.45119444444445,-78.06763888888888,19.0,D,TALK RADIO WRNR AM740 - FM106.5,"SHENANDOAH COMMUNICATIONS, INC.",USA,News,Nationals,Steelers,Wizards,,,
106.7,W294CK,OH,MANSFIELD,0.25,40.76394444444445,-82.61766666666666,111.0,D,ESPN RADIO 106.7,GSM MEDIA CORPORATION,USA,Sports,,Browns,Cavaliers,,,
106.9,W295DE,OH,CLEVELAND,0.146,41.37916666666667,-81.71975,188.0,D,NEWSRADIO WTAM 1100,iHeartMedia,USA,News,Guardians,,Cavaliers,,Cleveland,"1,780,800"
107.5,W298BB,IN,INDIANAPOLIS,0.233,39.89447222222222,-86.20583333333333,264.0,D,93.5/107.5 THE FAN,"Radio One of Indiana, LLC",USA,Sports,,Colts,Pacers,,Indianapolis,"1,634,200"
107.5,W298BX,NC,WINTERVILLE,0.25,35.537749999999996,-77.41811111111112,91.0,D,ESPN,CTC MEDIA GROUP,USA,Sports,,,Hornets,Hurricanes,Greenville-New Bern-Jacksonville,"601,000"
107.5,W298DG,NC,BRIDGETON,0.15,35.13922222222222,-77.07761111111111,167.7,D,FOX SPORTS 107.5 FM/1490 AM,CTC MEDIA GROUP,USA,Sports,Nationals,,Hornets,Hurricanes,Greenville-New Bern-Jacksonville,"601,000"
107.7,W299BN,IL,PRINCETON,0.25,41.36330555555555,-89.39355555555557,89.0,D,NEWS TALK 1450,VIRDEN BROADCASTING CORP.,USA,News,Cubs,Bears,Bulls,,,
107.9,W300DO,TN,SMYRNA,0.25,36.04972222222222,-86.83305555555555,75.0,D,SPORTSRADIO 560 WNSR,"SOUTHERN WABASH COMMUNICATIONS OF MIDDLE TENNESSEE, INC.",USA,Sports,Braves,,Grizzlies,,Nashville,"1,563,200"
107.9,W300EE,WI,MANITOWOC,0.22,44.125277777777775,-87.62813888888888,120.0,D,THE LAKESHORE'S GOOD NEIGHBOR,SEEHAFER BROADCASTING CORP,USA,Adult Contemporary,Brewers,Packers,Bucks,,,
103.3,WAXL,IN,SANTA CLAUS,3.0,38.20863888888889,-86.89997222222223,129.0,A,103.3 THE FIX,"DUBOIS COUNTY BROADCASTING, INC.",USA,Hot AC,,Colts,Pacers,,,
96.5,WBFG,TN,PARKER'S CROSSROADS,6.0,35.757888888888886,-88.51025,65.0,A,"""TALK-N WEST TENNESSEE""""""",News Talk West Tennessee LLC,USA,Talk,,,Grizzlies,,,
105.5,WBYA,ME,ISLESBORO,25.0,44.31619444444444,-68.96947222222222,84.0,B1,105.5 THE WAVE,"WBIN MEDIA CO., INC.",USA,Adult Contemporary,Red Sox,,Celtics,,Bangor,"171,400"
98.5,WBZ-FM,MA,BOSTON,9.0,42.30758333333333,-71.22363888888889,363.0,B,THE SPORTS HUB,"BEASLEY MEDIA GROUP LICENSES, LLC",USA,Sports,,Patriots,Celtics,Bruins,Boston,"4,463,500"
107.5,WCHV-FM,VA,CHARLOTTESVILLE,0.21,37.984861111111115,-78.48,79.0,A,CVILLE 107.5,MONTICELLO MEDIA LLC,USA,News,Nationals,,Wizards,,,
101.3,WCPV,NY,ESSEX,1.0,44.40530555555556,-73.4315,12.0,A,101.3 THE WOLF,"VOX AM/FM, LLC",USA,Country,,,Celtics,Bruins,Burlington-Plattsburgh,"344,900"
94.3,WCYY,ME,BIDDEFORD,11.5,43.54425,-70.40394444444445,145.0,B1,PORTLAND'S NEW ROCK ALTERNATIVE,"Townsquare License, LLC",USA,Rock,,,Celtics,,"Portland, ME","612,700"
99.7,WDKF,WI,STURGEON BAY,46.0,44.635527777777774,-87.62702777777777,102.0,C2,SPORTS TALK 1440 WNFL,MIDWEST COMMUNICATIONS  INC,USA,Sports,,,Bucks,,,
93.5,WEEY,NH,SWANZEY,2.0,42.91591666666667,-72.33063888888888,22.0,A,WEEI SPORS RADIO NETWORK,"Great Eastern Radio, LLC",USA,Sports,Red Sox,,Celtics,Bruins,,
96.3,WEII,MA,DENNIS,25.0,41.729,-70.16669444444445,74.7,B1,,iHeartMedia,USA,Sports,Red Sox,,Celtics,,Cape Cod,"213,500"
97.3,WENJ,NJ,MILLVILLE,50.0,39.320638888888894,-74.77116666666666,144.0,B,97.3 ESPN SOUTH JERSEY,"Townsquare License, LLC",USA,Sports,,Eagles,76ers,,Atlantic City-Cape May,"321,300"
92.9,WEZQ,ME,BANGOR,20.0,44.75977777777778,-68.56475,36.0,B,92.9 THE TICKET,"Townsquare License, LLC",USA,Sports,Red Sox,,Celtics,Bruins,Bangor,"171,400"
92.7,WFNZ-FM,NC,HARRISBURG,7.6,35.27625,-80.79969444444444,171.0,C3,WFNZ SPORTS RADIO,"Radio One of North Carolina, LLC",USA,Sports,,,Hornets,,Charlotte-Gastonia-Rock Hill,"2,434,200"
96.3,WJJB-FM,ME,GRAY,40.0,44.25091666666667,-70.42061111111111,107.0,C1,BIG JAB,"ATLANTIC COAST RADIO, LLC",USA,Sports,Red Sox,,Celtics,,"Portland, ME","612,700"
106.3,WJYD,OH,LONDON,6.0,39.88422222222222,-83.42519444444444,97.0,A,POWER 107.5 & 106.3,"BLUE CHIP BROADCASTING LICENSES, LTD",USA,Hip Hop,,,Cavaliers,,"Columbus, OH","1,763,300"
95.3,WLKR-FM,OH,NORWALK,3.3,41.28033333333333,-82.65738888888889,103.0,A,,ELYRIA-LORAIN BROADCASTING COMPANY,USA,Adult Alternative,Guardians,,Cavaliers,,,
104.7,WLMD,IL,BUSHNELL,3.3,40.54586111111111,-90.48761111111112,117.0,A,MACOMB NEWS NOW 104.7,VIRDEN BROADCASTING CORP.,USA,News,,,Bulls,,,
100.9,WLUN,MI,PINCONNING,2.6,43.846138888888895,-84.09222222222222,152.0,A,SPORTS RADIO 100.9 THE MITT,"MICHIGAN RADIO COMMUNICATIONS, LLC",USA,Sports,,,Pistons,,Saginaw-Bay City-Midland,"327,200"
96.1,WMAX-FM,MI,HOLLAND,50.0,42.819472222222224,-85.86919444444443,119.0,B,96.1 THE GAME,iHeartMedia,USA,Sports,,,Pistons,Red Wings,Grand Rapids,"822,900"
92.9,WMFS-FM,TN,BARTLETT,6.0,35.17230555555555,-89.94452777777778,104.0,A,ESPN 92.9,"Audacy License, LLC",USA,Sports,Cardinals,,Grizzlies,,Memphis,"1,139,100"
100.7,WMMS,OH,CLEVELAND,34.0,41.35838888888889,-81.66736111111112,104.0,B,,iHeartMedia,USA,Rock,Guardians,,Cavaliers,,Cleveland,"1,780,800"
95.3,WNDI-FM,IN,SULLIVAN,6.0,39.16002777777778,-87.54225,104.0,A,BEST OF TODAY'S COUNTRY,J T M BROADCASTING CORPORATION,USA,Country,Reds,,Pacers,,Terre Haute,"174,000"
98.7,WNEV,MS,FRIARS POINT,6.0,34.36566666666667,-90.63733333333334,94.0,A,THE FORCE OF THE DELTA,L.T. SIMES II & RAYMOND SIMES,USA,R&B,,,Grizzlies,,,
96.7,WORX-FM,IN,MADISON,1.05,38.74227777777778,-85.36188888888888,118.0,A,WORX 96.7 FM,"DUBOIS COUNTY BROADCASTING, INC.",USA,Hot AC,,Colts,Pacers,,,
95.9,WPEI,ME,SACO,4.7,43.54391666666667,-70.40397222222222,118.0,A,WEEI SPORTS RADIO NETWORK,"ATLANTIC COAST RADIO, LLC",USA,Sports,Red Sox,,Celtics,,"Portland, ME","612,700"
97.5,WPEN,NJ,BURLINGTON,26.0,40.08261111111111,-75.18100000000001,148.0,B,97.5 THE FANATIC,"BEASLEY MEDIA GROUP LICENSES, LLC",USA,Sports,,,76ers,Flyers,Philadelphia,"4,756,000"
103.7,WPKQ,NH,NORTH CONWAY,22.5,44.27033333333333,-71.30422222222222,32.0,C,WCYY,"Townsquare License, LLC",USA,Rock,,,Celtics,,,
95.5,WPPI,ME,TOPSHAM,3.0,43.90338888888889,-70.03641666666667,89.0,A,WEEI SPORTS RADIO NETWORK,"ATLANTIC COAST RADIO, LLC",USA,Sports,Red Sox,,Celtics,,"Portland, ME","612,700"
99.5,WRNO-FM,LA,NEW ORLEANS,100.0,29.982694444444444,-89.95255555555556,306.0,C0,NEWS TALK 99.5 WRNO,iHeartMedia,USA,News,,,Pelicans,,New Orleans,"1,264,100"
103.3,WRQQ,LA,HAMMOND,100.0,30.40186111111111,-90.84538888888888,309.0,C,CLASSIC HITS 103.3,Cumulus Media,USA,Classic Hits,,,Pelicans,,Baton Rouge,"704,400"
97.9,WSLM-FM,IN,SALEM,3.0,38.635333333333335,-86.17691666666667,64.0,A,,REBECCA L. WHITE,USA,News,White Sox,Colts,Pacers,,,
100.5,WTLX,WI,MONONA,6.0,43.13441666666667,-89.399,52.0,A,FM 100.5 ESPN,"GOOD KARMA BROADCASTING, LLC",USA,Sports,,,Bucks,,Madison,"619,500"
101.3,WVIL,IL,VIRGINIA,4.0,40.0145,-90.33205555555556,68.0,A,WVIL 101.3,LB SPORTS PRODUCTIONS LLC,USA,Sports,White Sox,,Bulls,,,
106.5,WWBL,IN,WASHINGTON,50.0,38.65113888888889,-87.16527777777779,76.0,B,THE BULLET,"OLD NORTHWEST BROADCASTING, INC.",USA,Country,,Colts,Pacers,,,
93.1,WWKM,GA,ROCHELLE,4.7,31.9485,-83.43375,54.0,A,MIDDLE GEORGIA'S ESPN,"SHANKS BROADCASTING, LLC",USA,Sports,Braves,Falcons,Hawks,,,
103.1,WWLA,OH,JOHNSTOWN,1.6,40.22894444444445,-82.65983333333334,134.0,A,LA MEGA 103.1,LAZO MEDIA LLC,USA,Regional Mexican,,,Cavaliers,,,
98.1,WWLS-FM,OK,THE VILLAGE,31.0,35.56033333333333,-97.48558333333334,471.0,C1,THE SPORTS ANIMAL,Cumulus Media,USA,Sports,,,Thunder,,Oklahoma City,"1,307,100"
97.1,WXYT-FM,MI,DETROIT,15.0,42.48280555555556,-83.20519444444444,277.0,B,97.1 THE TICKET,"Audacy License, LLC",USA,Sports,Tigers,,Pistons,Red Wings,Detroit,"3,868,800"
103.9,WYAB,MS,Pocahontas,15.0,32.28091666666666,-90.29405555555556,229.0,C2,"103.9 WYAB, STIMULATING TALK","SSR COMMUNICATIONS, INC.",USA,Talk,Braves,Falcons,Grizzlies,,"Jackson, MS",
105.5,WYKT,IL,WILMINGTON,1.3,41.28641666666667,-88.23977777777777,146.0,A,105.5 THE TICKET,STARADIO CORP.,USA,Sports,White Sox,,Bulls,,,
92.7,WZBD,IN,BERNE,2.05,40.77086111111111,-84.93466666666667,116.0,A,Z 92.7,"ADAMS COUNTY RADIO, INC",USA,Adult Contemporary,,Colts,Pacers,,Ft. Wayne,"474,300"
92.9,WZGC,GA,ATLANTA,66.0,33.80733333333333,-84.33930555555555,348.0,C1,92.9 THE GAME,"Audacy License, LLC",USA,Sports,,Falcons,Hawks,,Atlanta,"5,102,700"
102.5,WZOO-FM,OH,EDGEWOOD,5.8,41.82891666666667,-80.82424999999999,96.0,A,MAGIC 102.5,"MEDIA ONE HOLDINGS, LLC",USA,Classic Hits,,,Cavaliers,,,
101.1,WZPN,IL,GLASFORD,3.3,40.65002777777778,-89.77955555555556,115.0,A,PEORIA SPORTS RADIO,"ADVANCED MEDIA PARTNERS, LLC",USA,Sports,White Sox,,Bulls,,Peoria,"296,600"
